{"loss": [3.8985533714294434, 2.8821864128112793, 2.3203656673431396, 1.9943596124649048, 1.718278408050537, 1.5205531120300293, 1.3528647422790527, 1.207087516784668, 1.0853464603424072, 0.9541641473770142, 0.8449341058731079], "acc": [0.09220512956380844, 0.24892307817935944, 0.35271793603897095, 0.4315897524356842, 0.4936410188674927, 0.5481025576591492, 0.588615357875824, 0.6305640935897827, 0.6610256433486938, 0.6948717832565308, 0.7324102520942688], "f1_m": [0.010728327557444572, 0.10766542702913284, 0.24753187596797943, 0.34376683831214905, 0.4370279312133789, 0.49350374937057495, 0.5490379333496094, 0.5978021621704102, 0.6392531991004944, 0.676368236541748, 0.715704619884491], "val_loss": [3.889213800430298, 2.8462133407592773, 2.4793636798858643, 2.5822060108184814, 2.333225965499878, 2.208148717880249, 2.329939365386963, 1.8414835929870605, 1.8512307405471802, 2.2907767295837402, 2.1666481494903564], "val_acc": [0.08799999952316284, 0.24199999868869781, 0.33399999141693115, 0.30399999022483826, 0.3720000088214874, 0.40799999237060547, 0.3799999952316284, 0.47600001096725464, 0.49799999594688416, 0.42800000309944153, 0.41999998688697815], "val_f1_m": [0.0, 0.14851392805576324, 0.2670883238315582, 0.2477131336927414, 0.3347650468349457, 0.37613382935523987, 0.379393994808197, 0.45883020758628845, 0.49292710423469543, 0.4457690417766571, 0.4132154881954193]}