{"loss": [4.291240215301514, 3.2765328884124756, 2.740386962890625, 2.4004671573638916, 2.138239860534668, 2.0131049156188965, 1.8889625072479248, 1.7262217998504639, 1.6290501356124878, 1.5816277265548706, 1.4293322563171387, 1.3213225603103638, 1.263289213180542, 1.1769607067108154, 1.204790711402893, 1.0994477272033691, 1.0761722326278687, 1.0068939924240112, 0.9029331803321838, 0.8547378778457642, 0.8223299384117126, 0.772477388381958, 0.7150813341140747, 0.7128796577453613, 0.6515835523605347, 0.6300671696662903, 0.5703807473182678, 0.5281691551208496, 0.49666836857795715, 0.5264569520950317, 0.5419474840164185, 0.4694393575191498, 0.42359450459480286, 0.45787158608436584, 0.394299179315567, 0.42443564534187317, 0.40805745124816895, 0.38466426730155945, 0.3636317253112793, 0.3166232407093048, 0.3236164152622223, 0.2973438799381256, 0.2681833505630493, 0.2784181237220764, 0.2864684462547302, 0.28495559096336365, 0.31276586651802063, 0.3193274140357971, 0.4676089882850647, 0.23504431545734406], "accuracy": [0.05794871971011162, 0.15374359488487244, 0.2591794729232788, 0.32307693362236023, 0.38769230246543884, 0.4170256555080414, 0.4435897469520569, 0.48061537742614746, 0.5154871940612793, 0.5217435956001282, 0.5668718218803406, 0.5881025791168213, 0.6061538457870483, 0.6297435760498047, 0.6259487271308899, 0.6574358940124512, 0.6634871959686279, 0.681538462638855, 0.7092307806015015, 0.7233846187591553, 0.7328205108642578, 0.7473846077919006, 0.7688205242156982, 0.7694358825683594, 0.7833846211433411, 0.792512834072113, 0.8098461627960205, 0.8268718123435974, 0.8398974537849426, 0.8291282057762146, 0.8190768957138062, 0.8437948822975159, 0.8604102730751038, 0.8503589630126953, 0.8697435855865479, 0.8606153726577759, 0.8675897717475891, 0.8690256476402283, 0.8816410303115845, 0.8947692513465881, 0.891076922416687, 0.9026666879653931, 0.9110769033432007, 0.9072820544242859, 0.907076895236969, 0.9058461785316467, 0.8983590006828308, 0.9008204936981201, 0.8532307744026184, 0.9222564101219177], "f1_m": [0.00584633881226182, 0.04978896677494049, 0.12917988002300262, 0.2193383425474167, 0.29681283235549927, 0.33601900935173035, 0.3795508146286011, 0.4357577860355377, 0.47198715806007385, 0.48545411229133606, 0.5340301394462585, 0.5683911442756653, 0.5868815183639526, 0.6103163361549377, 0.6054559946060181, 0.6466445326805115, 0.6509220600128174, 0.6712066531181335, 0.7000790238380432, 0.7126748561859131, 0.7290719151496887, 0.7445073127746582, 0.7681565880775452, 0.7658994793891907, 0.7847423553466797, 0.7924379706382751, 0.8093408346176147, 0.8296388983726501, 0.8400136232376099, 0.8263519406318665, 0.8203400373458862, 0.8446120023727417, 0.8594256043434143, 0.8522771000862122, 0.8702196478843689, 0.862873911857605, 0.8689402937889099, 0.8692227005958557, 0.8837863802909851, 0.8971377611160278, 0.8937984108924866, 0.9033757448196411, 0.911971390247345, 0.9093027710914612, 0.9084078669548035, 0.908744215965271, 0.8995462656021118, 0.9025896787643433, 0.8519846200942993, 0.9238126277923584], "val_loss": [4.727357864379883, 2.998326539993286, 4.151467800140381, 2.827016830444336, 3.261897325515747, 3.375310182571411, 2.0270462036132812, 1.9373204708099365, 2.5618948936462402, 1.8304141759872437, 1.620996117591858, 1.6357450485229492, 1.582322120666504, 1.7807691097259521, 1.513059377670288, 1.713657021522522, 1.5334364175796509, 1.8233271837234497, 1.816399097442627, 1.7621307373046875, 1.678196907043457, 1.7094248533248901, 1.80947744846344, 1.8000268936157227, 1.8919800519943237, 1.9028937816619873, 1.7901123762130737, 1.8738415241241455, 2.028437614440918, 2.290637731552124, 2.048217296600342, 2.0619699954986572, 2.230839967727661, 2.091552495956421, 2.24874210357666, 2.3534953594207764, 2.2654433250427246, 2.201124429702759, 2.4706122875213623, 2.6735050678253174, 2.2516396045684814, 2.5016603469848633, 2.540907859802246, 2.4580960273742676, 3.2238759994506836, 3.1926190853118896, 2.8174703121185303, 4.448072910308838, 2.5349464416503906, 2.462151527404785], "val_accuracy": [0.009538461454212666, 0.20123076438903809, 0.19230769574642181, 0.2978461682796478, 0.291692316532135, 0.2941538393497467, 0.446153849363327, 0.46892306208610535, 0.37261539697647095, 0.4793846011161804, 0.5366153717041016, 0.536307692527771, 0.5443077087402344, 0.517230749130249, 0.5815384387969971, 0.5590769052505493, 0.5741538405418396, 0.5400000214576721, 0.5483077168464661, 0.5510769486427307, 0.5876923203468323, 0.5812307596206665, 0.5867692232131958, 0.5720000267028809, 0.5747692584991455, 0.5790769457817078, 0.591692328453064, 0.5889230966567993, 0.5729230642318726, 0.561846137046814, 0.5489230751991272, 0.5529230833053589, 0.5550768971443176, 0.5799999833106995, 0.5673846006393433, 0.5603076815605164, 0.5372307896614075, 0.5775384902954102, 0.545846164226532, 0.5372307896614075, 0.552307665348053, 0.5652307868003845, 0.5492307543754578, 0.5640000104904175, 0.5344615578651428, 0.4938461482524872, 0.5495384335517883, 0.35292306542396545, 0.58338463306427, 0.5876923203468323], "val_f1_m": [0.0, 0.0893658995628357, 0.18011289834976196, 0.2647548019886017, 0.2907094657421112, 0.29153957962989807, 0.4261988699436188, 0.46650147438049316, 0.36461973190307617, 0.4631287753582001, 0.5307894349098206, 0.5324599742889404, 0.5415300726890564, 0.5177445411682129, 0.588355302810669, 0.5688400864601135, 0.5803058743476868, 0.5452234745025635, 0.5573049187660217, 0.5591030716896057, 0.596494197845459, 0.5898505449295044, 0.5991472005844116, 0.5819453597068787, 0.5881265997886658, 0.5871173143386841, 0.6059286594390869, 0.6015133857727051, 0.5806307792663574, 0.5679992437362671, 0.5514540672302246, 0.5629938840866089, 0.5638840794563293, 0.5885010361671448, 0.577913224697113, 0.5687920451164246, 0.5462771654129028, 0.5856970548629761, 0.5549999475479126, 0.5474141240119934, 0.5598956346511841, 0.5703980922698975, 0.5588939785957336, 0.5729413032531738, 0.54053795337677, 0.5040175318717957, 0.5563963055610657, 0.3648691475391388, 0.5899011492729187, 0.5966551303863525]}