{"loss": [3.4637198448181152, 2.507204294204712, 2.053072214126587, 1.7463024854660034, 1.5028573274612427, 1.3373066186904907, 1.176856517791748, 1.0327799320220947, 0.9230772256851196, 0.8372119069099426, 0.7213686108589172], "accuracy": [0.1425641030073166, 0.3071794807910919, 0.4065641164779663, 0.4831794798374176, 0.547897458076477, 0.5854359269142151, 0.6308717727661133, 0.671589732170105, 0.7022563815116882, 0.7223590016365051, 0.7623589634895325], "f1_m": [0.02816244401037693, 0.16305619478225708, 0.306270033121109, 0.4129504859447479, 0.5010038018226624, 0.5564242005348206, 0.6077480912208557, 0.6594676971435547, 0.6902717351913452, 0.7145505547523499, 0.7539272904396057], "val_loss": [9.71235179901123, 3.870136022567749, 3.3828461170196533, 3.3172223567962646, 2.1744256019592285, 1.9790436029434204, 2.6175649166107178, 2.2066874504089355, 1.4493635892868042, 1.902298927307129, 1.4014813899993896], "val_accuracy": [0.015384615398943424, 0.1412307620048523, 0.22984614968299866, 0.2556923031806946, 0.4163076877593994, 0.47815385460853577, 0.3981538414955139, 0.4504615366458893, 0.5815384387969971, 0.525538444519043, 0.6163076758384705], "val_f1_m": [0.011880011297762394, 0.10467031598091125, 0.19407732784748077, 0.24461327493190765, 0.40157797932624817, 0.4732562303543091, 0.39904123544692993, 0.4604512155056, 0.5870795249938965, 0.5379115343093872, 0.6182669997215271]}