{"loss": [3.7407212257385254, 3.0957281589508057, 2.684823513031006, 2.409609079360962, 2.208556890487671, 2.0469744205474854, 1.922087550163269, 1.7778325080871582, 1.6536179780960083, 1.5805072784423828, 1.4778993129730225], "accuracy": [0.0898461565375328, 0.16943590342998505, 0.25641027092933655, 0.3224615454673767, 0.37907692790031433, 0.41292306780815125, 0.4426666796207428, 0.48174360394477844, 0.5134359002113342, 0.5353845953941345, 0.5584615468978882], "f1_m": [0.0011805614922195673, 0.012187162414193153, 0.05193974822759628, 0.11440465599298477, 0.17930147051811218, 0.2573927640914917, 0.3056246042251587, 0.36465659737586975, 0.41474682092666626, 0.44906890392303467, 0.4862802028656006], "val_loss": [9.824004173278809, 5.3718390464782715, 2.919545888900757, 2.563464641571045, 2.558417558670044, 2.5125086307525635, 2.9207067489624023, 3.1773428916931152, 1.7606064081192017, 1.8005781173706055, 2.1481173038482666], "val_accuracy": [0.030153846368193626, 0.0670769214630127, 0.22584615647792816, 0.2926153838634491, 0.29046154022216797, 0.3258461654186249, 0.26307693123817444, 0.26153847575187683, 0.4895384609699249, 0.48153847455978394, 0.4433846175670624], "val_f1_m": [0.004264306277036667, 0.044491544365882874, 0.11835329234600067, 0.1937532275915146, 0.21195536851882935, 0.27494409680366516, 0.20361268520355225, 0.2254054993391037, 0.42440739274024963, 0.42644885182380676, 0.4258503019809723]}