{"loss": [4.698365211486816, 3.9737420082092285, 3.6488468647003174, 3.4155421257019043, 3.2650961875915527, 3.0334067344665527, 2.7997729778289795, 2.693479061126709, 2.5262207984924316, 2.4258925914764404, 2.332024335861206], "accuracy": [0.02133333310484886, 0.05579487234354019, 0.09148717671632767, 0.1250256448984146, 0.15035897493362427, 0.19353845715522766, 0.23558974266052246, 0.2578461468219757, 0.2964102625846863, 0.3203077018260956, 0.3400000035762787], "f1_m": [0.0005902807461097836, 0.0011692068073898554, 0.006294711492955685, 0.014414121396839619, 0.03267507255077362, 0.05589468777179718, 0.10071257501840591, 0.11997252702713013, 0.17303317785263062, 0.19758915901184082, 0.22332733869552612], "val_loss": [4.710204601287842, 3.876154899597168, 4.927977561950684, 3.56938099861145, 3.1239328384399414, 2.918266534805298, 2.8343281745910645, 2.929333448410034, 2.256453275680542, 2.3597536087036133, 2.1424925327301025], "val_accuracy": [0.012000000104308128, 0.07400000095367432, 0.06599999964237213, 0.12399999797344208, 0.1860000044107437, 0.22599999606609344, 0.23800000548362732, 0.23999999463558197, 0.35199999809265137, 0.35199999809265137, 0.3659999966621399], "val_f1_m": [0.0, 0.0, 0.05185486003756523, 0.07064048200845718, 0.07214369624853134, 0.13344287872314453, 0.15825219452381134, 0.18687433004379272, 0.2437475621700287, 0.2598996162414551, 0.28804489970207214]}