{"loss": [4.30925178527832, 3.442363739013672, 3.07391095161438, 2.7945950031280518, 2.5975730419158936, 2.379009962081909, 2.2849831581115723, 2.1482131481170654, 2.111621856689453, 1.9547910690307617, 1.8995506763458252, 1.8203048706054688, 1.7361476421356201, 1.7327806949615479, 1.6494702100753784, 1.5814505815505981, 1.5663390159606934, 1.4947327375411987, 1.4496573209762573, 1.3879982233047485, 1.3704779148101807, 1.3422033786773682, 1.3197158575057983, 1.2625350952148438, 1.2384120225906372, 1.2170047760009766, 1.190629482269287, 1.1786600351333618, 1.1319440603256226, 1.090377688407898], "accuracy": [0.05692307651042938, 0.12010256201028824, 0.1796923130750656, 0.23364102840423584, 0.27476921677589417, 0.3282051384449005, 0.3472820520401001, 0.3833846151828766, 0.38656410574913025, 0.4260512888431549, 0.4367179572582245, 0.45917949080467224, 0.4825640916824341, 0.48635897040367126, 0.5100513100624084, 0.5272820591926575, 0.525128185749054, 0.5493333339691162, 0.5594871640205383, 0.5778461694717407, 0.5831794738769531, 0.5926153659820557, 0.5905641317367554, 0.6084102392196655, 0.6145641207695007, 0.6214358806610107, 0.6331282258033752, 0.6374359130859375, 0.645641028881073, 0.6602051258087158], "f1_m": [0.003133581019937992, 0.02067265659570694, 0.0639231726527214, 0.10981101542711258, 0.14773687720298767, 0.21168053150177002, 0.23976828157901764, 0.29139235615730286, 0.29801061749458313, 0.3462452292442322, 0.3629336357116699, 0.39687252044677734, 0.41892144083976746, 0.42573481798171997, 0.4573030173778534, 0.48611265420913696, 0.4823850095272064, 0.5056033730506897, 0.5240273475646973, 0.5445782542228699, 0.5541825294494629, 0.5627238750457764, 0.5594401359558105, 0.5841037034988403, 0.5959439277648926, 0.6021024584770203, 0.6139175891876221, 0.6205187439918518, 0.6337912082672119, 0.6463115811347961], "val_loss": [4.698885917663574, 3.6343772411346436, 3.927701234817505, 2.934495449066162, 3.231076955795288, 2.738191604614258, 2.286947011947632, 2.2521350383758545, 2.8632943630218506, 1.9098604917526245, 1.780590534210205, 1.9641324281692505, 1.9061142206192017, 1.659249186515808, 2.193767547607422, 1.6351814270019531, 1.6877827644348145, 1.4948639869689941, 1.5279768705368042, 1.551376461982727, 1.516089916229248, 1.412368893623352, 1.461460828781128, 1.5351817607879639, 1.447825312614441, 1.4212825298309326, 1.6068227291107178, 1.3500237464904785, 1.34465754032135, 1.4193620681762695], "val_accuracy": [0.009999999776482582, 0.10199999809265137, 0.14800000190734863, 0.2280000001192093, 0.20999999344348907, 0.27399998903274536, 0.3659999966621399, 0.36800000071525574, 0.3179999887943268, 0.4339999854564667, 0.4560000002384186, 0.45399999618530273, 0.46399998664855957, 0.5019999742507935, 0.40799999237060547, 0.48399999737739563, 0.5059999823570251, 0.5400000214576721, 0.5339999794960022, 0.5139999985694885, 0.5460000038146973, 0.5619999766349792, 0.5580000281333923, 0.5440000295639038, 0.5619999766349792, 0.5759999752044678, 0.5400000214576721, 0.5839999914169312, 0.6200000047683716, 0.5960000157356262], "val_f1_m": [0.0, 0.02088107541203499, 0.10907565802335739, 0.19076254963874817, 0.1643226444721222, 0.21298804879188538, 0.3010176718235016, 0.29436859488487244, 0.27041172981262207, 0.3818713426589966, 0.40619805455207825, 0.38176363706588745, 0.4352036416530609, 0.4678425192832947, 0.3970094323158264, 0.4761139750480652, 0.5029126405715942, 0.5261328816413879, 0.5037341713905334, 0.5268356204032898, 0.5388497114181519, 0.5231828689575195, 0.5519551634788513, 0.5484653115272522, 0.5461230874061584, 0.5599474906921387, 0.5590959191322327, 0.5796797871589661, 0.6262449622154236, 0.5827805399894714]}